description,tag
"At this time, we do not provide immigration support.",Not Friendly
This role is open to all applicants. Visa assistance offered.,Friendly
"We hire based on skills, not borders. Sponsorship is available.",Friendly
Strong communication skills and attention to detail required.,Unclear
This position qualifies for OPT/CPT and H1B sponsorship. Apply today!,Friendly
STEM OPT extensions supported. Diverse applicants encouraged.,Friendly
We support internal mobility and career growth.,Unclear
No support for visa transfer or initial sponsorship.,Not Friendly
Inclusive hiring process. We sponsor visas for exceptional software engineers.,Friendly
No visa sponsorship available for this role. U.S. citizens or permanent residents only.,Not Friendly
Join a fast-paced company with plenty of room for growth.,Unclear
Visa sponsorship provided after a probation period. International students welcome.,Friendly
Our company provides full immigration support including H1B and PERM.,Friendly
We value diversity and inclusion.,Unclear
Work authorization in the U.S. required. No exceptions.,Not Friendly
Looking for someone who thrives in a dynamic environment.,Unclear
We believe in diverse talent. Visa sponsorship is not a barrier.,Friendly
We do not file or transfer work visas.,Not Friendly
Apply now to become part of a leading tech company.,Unclear
H1B transfer and Green Card processing offered. Global team environment.,Friendly
Only U.S. permanent residents or citizens can apply.,Not Friendly
U.S. work authorization is required and will not be provided.,Not Friendly
Visa sponsorship provided. We encourage diverse applicants from all backgrounds.,Friendly
OPT students eligible. We assist with visa and immigration needs.,Friendly
This is an exciting opportunity to work on innovative technology.,Unclear
Visa sponsorship is not part of our hiring process.,Not Friendly
Remote work available depending on team needs.,Unclear
Great place to work with exciting projects in the pipeline.,Unclear
Candidates must be eligible to work in the U.S. without current or future visa needs.,Not Friendly
This role is only open to domestic applicants with full work rights.,Not Friendly
Work with cutting-edge AI technology in a collaborative setting.,Unclear
Work in the U.S. with full visa support. We value talent from everywhere.,Friendly
We support H1B and Green Card processing for eligible candidates.,Friendly
Knowledge of cloud infrastructure a plus.,Unclear
Salary is commensurate with experience. Apply with resume.,Unclear
Only individuals with unrestricted work authorization will be considered.,Not Friendly
"Unfortunately, we are unable to sponsor visas for this position.",Not Friendly
H1B and OPT supported. Join our global team in building scalable web applications.,Friendly
We are an equal opportunity employer.,Unclear
Seeking a results-driven professional with a growth mindset.,Unclear
Looking for a passionate data analyst. International applicants are welcome.,Friendly
Legal authorization to work in the U.S. without company sponsorship is a must.,Not Friendly
Join our team of innovators. Sponsorship for international candidates available.,Friendly
Bachelor’s degree required. Master’s preferred.,Unclear
Candidates requiring H1B or OPT will not be considered.,Not Friendly
We welcome international students to apply. Sponsorship is available for the right candidate.,Friendly
Inclusive workplace seeking international applicants. Sponsorship available.,Friendly
Sponsorship is not available now or in the future.,Not Friendly
We are not open to hiring candidates needing sponsorship.,Not Friendly
Experience with Python and SQL preferred. Great team environment.,Unclear
Work with modern tech stacks and agile teams.,Unclear
You must be a U.S. citizen or Green Card holder to apply.,Not Friendly
We're looking for talented individuals to join our growing team.,Unclear
This position offers flexible hours and hybrid work.,Unclear
We cannot accept applications from individuals requiring work authorization.,Not Friendly
We are not hiring international students at this time.,Not Friendly
Competitive salary and benefits offered. Apply today!,Unclear
Remote-friendly and international-friendly role. Sponsorship available.,Friendly
Applicants must be authorized to work in the U.S. without sponsorship.,Not Friendly
Hiring recent graduates. International students on OPT encouraged to apply.,Friendly
